ep,seed,reward,floor_reached,victory,turns,cards_played,final_hp,final_san
0,20000,35.71000000000003,10,False,22,63,-1,14
1,20001,35.84999999999997,10,False,14,35,-3,30
2,20002,30.150000000000006,9,False,16,42,-1,24
3,20003,30.30000000000004,10,False,13,49,18,-1
4,20004,61.88,10,True,16,49,3,5
5,20005,63.9,10,True,19,61,15,9
6,20006,63.15000000000002,10,True,18,55,20,20
7,20007,34.15,10,False,20,47,-3,26
8,20008,34.999999999999986,10,False,14,43,0,26
9,20009,61.95,10,True,22,65,17,19
10,20010,33.900000000000006,10,False,15,49,0,24
11,20011,31.470000000000013,10,False,22,48,0,12
12,20012,62.75,10,True,10,39,15,21
13,20013,31.450000000000035,10,False,20,50,0,7
14,20014,36.910000000000004,10,False,26,63,-2,30
15,20015,63.39999999999999,10,True,16,43,3,23
16,20016,34.150000000000006,10,False,16,53,0,14
17,20017,61.11000000000001,10,True,15,46,8,11
18,20018,60.199999999999974,10,True,15,49,11,22
19,20019,65.15,10,True,16,51,19,23
20,20020,34.45,10,False,14,45,-1,30
21,20021,64.33000000000001,10,True,17,52,15,30
22,20022,35.29999999999998,10,False,16,46,-6,30
23,20023,60.5,10,True,14,55,19,11
24,20024,64.89999999999999,10,True,12,39,15,24
25,20025,62.74999999999997,10,True,15,45,5,30
26,20026,35.15000000000002,10,False,18,49,-7,27
27,20027,64.55,10,True,21,58,18,13
28,20028,34.51000000000001,10,False,24,62,-1,23
29,20029,30.9,10,False,16,38,-4,12
30,20030,34.64999999999999,10,False,17,53,-3,21
31,20031,31.140000000000036,10,False,21,57,-9,11
32,20032,61.250000000000014,10,True,16,51,26,10
33,20033,63.41000000000001,10,True,20,50,5,-1
34,20034,25.900000000000013,8,False,15,43,-1,17
35,20035,32.15,10,False,18,58,-8,21
36,20036,27.00000000000003,8,False,16,50,-8,26
37,20037,64.45,10,True,13,46,28,10
38,20038,64.11000000000004,10,True,25,62,27,4
39,20039,31.89999999999999,10,False,14,41,-4,29
40,20040,62.93000000000001,10,True,15,42,10,29
41,20041,61.55000000000001,10,True,11,39,20,9
42,20042,62.65000000000001,10,True,14,43,26,10
43,20043,62.64999999999999,10,True,12,36,7,30
44,20044,62.69999999999999,10,True,16,53,3,26
45,20045,60.93,10,True,16,46,22,9
46,20046,66.44999999999999,10,True,17,53,10,30
47,20047,28.949999999999996,10,False,17,44,-3,14
48,20048,62.99000000000003,10,True,20,53,17,11
49,20049,32.34999999999998,10,False,19,47,-10,29
50,20050,62.100000000000016,10,True,13,41,3,14
51,20051,34.96999999999999,10,False,23,58,-2,27
52,20052,35.55000000000001,10,False,18,55,0,14
53,20053,30.19999999999999,10,False,12,37,-6,20
54,20054,32.35000000000002,10,False,16,43,-5,15
55,20055,64.14999999999999,10,True,12,36,43,18
56,20056,35.59999999999999,10,False,21,51,-13,16
57,20057,65.48,10,True,14,44,20,26
58,20058,35.69999999999999,10,False,21,62,-9,23
59,20059,59.899999999999984,10,True,17,58,7,3
60,20060,66.69999999999997,10,True,20,51,16,19
61,20061,32.790000000000006,10,False,17,48,-2,15
62,20062,33.67,10,False,22,56,0,16
63,20063,64.54999999999998,10,True,23,67,3,30
64,20064,64.99999999999997,10,True,17,49,1,22
65,20065,63.2,10,True,13,45,10,30
66,20066,67.94999999999999,10,True,15,47,9,26
67,20067,32.30000000000001,10,False,17,39,-6,21
68,20068,31.11000000000002,10,False,20,61,-4,19
69,20069,63.39999999999998,10,True,16,42,3,23
70,20070,59.62999999999998,10,True,14,46,25,11
71,20071,32.14999999999998,10,False,20,53,-6,12
72,20072,32.95,10,False,11,35,46,-2
73,20073,30.949999999999992,10,False,18,49,24,-1
74,20074,31.749999999999996,10,False,13,41,-9,28
75,20075,30.949999999999996,10,False,14,39,-7,28
76,20076,35.5,10,False,19,57,-3,26
77,20077,62.62999999999998,10,True,14,48,18,27
78,20078,62.39999999999999,10,True,12,47,10,29
79,20079,62.6,10,True,15,43,23,20
80,20080,32.650000000000006,10,False,17,49,-7,24
81,20081,61.30000000000001,10,True,14,34,28,10
82,20082,30.44999999999998,10,False,14,32,-16,24
83,20083,67.74999999999997,10,True,15,47,20,30
84,20084,65.25,10,True,14,45,13,30
85,20085,58.650000000000006,10,True,13,33,17,7
86,20086,29.500000000000007,10,False,15,41,-5,14
87,20087,63.50000000000002,10,True,18,45,15,26
88,20088,33.95999999999999,10,False,17,50,-1,20
89,20089,62.459999999999994,10,True,13,43,21,24
90,20090,35.549999999999976,10,False,16,44,-2,24
91,20091,33.499999999999986,10,False,16,54,-5,21
92,20092,33.970000000000006,10,False,20,51,-4,22
93,20093,66.20999999999998,10,True,17,50,-1,30
94,20094,60.19999999999999,10,True,15,46,11,2
95,20095,62.55000000000001,10,True,15,53,32,6
96,20096,32.45,10,False,16,44,-1,16
97,20097,31.89999999999999,10,False,18,53,0,20
98,20098,63.3,10,True,21,61,14,21
99,20099,66.09999999999998,10,True,13,51,39,18
100,20100,33.90000000000001,10,False,18,54,-7,15
101,20101,34.94999999999998,10,False,19,53,-4,22
102,20102,62.47,10,True,21,62,11,20
103,20103,32.38999999999999,10,False,16,42,-4,22
104,20104,65.49999999999997,10,True,13,41,26,14
105,20105,32.629999999999974,10,False,19,45,-7,30
106,20106,66.74999999999997,10,True,16,54,12,26
107,20107,63.56,10,True,13,40,29,19
108,20108,63.44999999999999,10,True,23,62,1,26
109,20109,36.85999999999997,10,False,21,64,-13,30
110,20110,63.44999999999998,10,True,16,49,11,26
111,20111,32.350000000000016,10,False,16,48,0,20
112,20112,61.519999999999996,10,True,15,40,3,27
113,20113,32.150000000000006,10,False,14,37,-4,22
114,20114,32.600000000000016,10,False,24,55,8,-1
115,20115,60.61000000000002,10,True,16,45,20,6
116,20116,63.75,10,True,18,48,7,12
117,20117,23.650000000000013,8,False,13,36,-9,16
118,20118,66.5,10,True,16,48,26,12
119,20119,61.94000000000001,10,True,18,44,24,9
120,20120,34.170000000000016,10,False,19,51,-8,30
121,20121,62.09999999999998,10,True,12,45,24,21
122,20122,37.34999999999997,10,False,22,65,-17,30
123,20123,63.25,10,True,18,54,12,9
124,20124,33.55999999999998,10,False,20,53,-4,30
125,20125,62.510000000000005,10,True,20,61,18,17
126,20126,32.65000000000001,10,False,13,41,0,18
127,20127,11.950000000000001,5,False,7,20,49,0
128,20128,32.09999999999998,10,False,19,50,-3,30
129,20129,31.500000000000004,10,False,14,34,-7,22
130,20130,34.88,10,False,15,39,-3,30
131,20131,60.89,10,True,16,41,5,14
132,20132,29.850000000000016,10,False,18,44,-2,20
133,20133,31.59999999999998,10,False,18,45,-5,25
134,20134,37.20999999999999,10,False,31,77,-3,23
135,20135,64.34999999999998,10,True,16,57,25,26
136,20136,61.89999999999999,10,True,12,42,19,24
137,20137,66.97999999999998,10,True,19,55,16,25
138,20138,60.98,10,True,14,48,11,15
139,20139,62.300000000000004,10,True,15,51,30,6
140,20140,33.17000000000002,10,False,14,42,-2,4
141,20141,63.10000000000002,10,True,20,57,22,11
142,20142,34.09999999999999,10,False,15,53,0,27
143,20143,59.2,10,True,12,34,10,11
144,20144,65.30999999999999,10,True,20,51,15,26
145,20145,66.31999999999996,10,True,25,61,14,20
146,20146,60.11,10,True,17,39,18,16
147,20147,32.95000000000001,10,False,16,47,-12,22
148,20148,31.000000000000004,10,False,12,30,0,30
149,20149,63.89999999999998,10,True,14,47,10,26
150,20150,63.129999999999995,10,True,17,53,3,14
151,20151,61.74999999999999,10,True,15,36,16,22
152,20152,31.099999999999994,10,False,15,38,-10,26
153,20153,31.79999999999999,10,False,18,43,-12,20
154,20154,32.300000000000004,10,False,17,50,-8,13
155,20155,59.230000000000004,10,True,17,45,3,10
156,20156,23.27000000000003,8,False,15,45,15,-1
157,20157,61.879999999999995,10,True,13,42,12,20
158,20158,60.00000000000001,10,True,13,41,21,2
159,20159,63.499999999999986,10,True,15,48,15,20
160,20160,63.599999999999994,10,True,12,43,30,22
161,20161,64.20000000000002,10,True,22,61,25,-2
162,20162,33.29999999999998,10,False,14,38,-3,26
163,20163,34.449999999999996,10,False,14,38,-7,28
164,20164,62.900000000000006,10,True,12,41,12,30
165,20165,62.950000000000024,10,True,18,48,4,10
166,20166,63.900000000000006,10,True,14,40,15,24
167,20167,31.899999999999984,10,False,15,45,-2,22
168,20168,61.5,10,True,16,40,7,10
169,20169,63.02999999999999,10,True,15,46,1,30
170,20170,32.550000000000004,10,False,14,43,-10,20
171,20171,64.70000000000002,10,True,16,50,-1,20
172,20172,31.049999999999994,9,False,18,38,-1,30
173,20173,33.24999999999998,10,False,18,52,-6,25
174,20174,34.35000000000001,10,False,15,41,0,22
175,20175,63.22999999999995,10,True,19,45,13,18
176,20176,34.95000000000001,10,False,18,51,-6,30
177,20177,35.27999999999999,10,False,16,54,-1,19
178,20178,62.010000000000026,10,True,17,50,21,13
179,20179,64.1,10,True,16,49,16,23
180,20180,63.5,10,True,15,44,24,19
181,20181,61.95,10,True,15,41,7,18
182,20182,35.899999999999984,10,False,14,44,-5,28
183,20183,35.76000000000002,10,False,20,55,-5,20
184,20184,33.280000000000015,10,False,14,37,-5,26
185,20185,62.8,10,True,21,46,29,15
186,20186,34.25,10,False,21,60,0,30
187,20187,62.35000000000004,10,True,17,52,2,24
188,20188,32.44999999999999,10,False,19,48,-13,30
189,20189,64.0,10,True,18,51,4,30
190,20190,62.18,10,True,16,47,29,17
191,20191,64.99999999999996,10,True,17,58,17,25
192,20192,61.14999999999996,10,True,14,47,6,27
193,20193,31.359999999999985,10,False,15,55,-2,19
194,20194,32.279999999999994,10,False,15,49,-15,30
195,20195,62.2,10,True,13,46,4,12
196,20196,30.50000000000001,10,False,18,46,-25,14
197,20197,60.86000000000003,10,True,15,45,20,0
198,20198,65.79,10,True,19,48,6,30
199,20199,63.58000000000001,10,True,12,46,14,12
200,20200,32.65,10,False,17,41,0,12
201,20201,62.44999999999999,10,True,11,33,23,30
202,20202,63.93000000000001,10,True,17,46,20,9
203,20203,33.929999999999986,10,False,17,49,-3,30
204,20204,33.49999999999997,10,False,16,45,-11,24
205,20205,63.8,10,True,11,37,5,20
206,20206,66.00000000000001,10,True,16,40,28,21
207,20207,62.589999999999975,10,True,15,46,18,20
208,20208,58.39000000000003,10,True,16,53,11,3
209,20209,37.19000000000002,10,False,27,72,-1,23
210,20210,26.300000000000043,8,False,18,49,-11,23
211,20211,63.70999999999995,10,True,21,60,10,26
212,20212,64.44999999999999,10,True,19,52,10,22
213,20213,63.010000000000005,10,True,13,50,7,26
214,20214,31.899999999999974,10,False,14,41,-2,20
215,20215,59.45000000000001,10,True,12,41,26,9
216,20216,32.34000000000004,10,False,18,49,-5,7
217,20217,63.599999999999994,10,True,20,46,25,17
218,20218,61.5,10,True,12,35,19,28
219,20219,24.980000000000008,8,False,13,24,-3,21
220,20220,61.34999999999998,10,True,16,46,24,19
221,20221,31.649999999999977,10,False,15,41,-3,26
222,20222,62.49999999999999,10,True,13,39,10,20
223,20223,62.100000000000016,10,True,20,52,4,11
224,20224,59.0,10,True,14,42,18,4
225,20225,62.499999999999986,10,True,17,54,3,27
226,20226,63.499999999999986,10,True,13,45,10,30
227,20227,31.90000000000002,10,False,19,45,-1,16
228,20228,62.400000000000006,10,True,12,33,16,22
229,20229,65.99999999999999,10,True,24,69,1,18
230,20230,65.59999999999998,10,True,25,57,5,22
231,20231,60.39999999999999,10,True,14,36,6,14
232,20232,34.350000000000016,10,False,16,45,0,24
233,20233,62.04999999999998,10,True,15,47,40,18
234,20234,64.15,10,True,11,31,19,26
235,20235,64.21,10,True,15,43,33,22
236,20236,30.149999999999995,9,False,17,50,-2,30
237,20237,62.800000000000004,10,True,17,44,29,10
238,20238,62.96000000000002,10,True,20,50,-1,26
239,20239,62.64999999999999,10,True,16,48,14,21
240,20240,63.64999999999999,10,True,18,54,5,19
241,20241,59.63000000000003,10,True,14,48,14,6
242,20242,65.10000000000001,10,True,26,64,4,30
243,20243,29.830000000000005,9,False,17,43,-12,28
244,20244,32.79999999999999,10,False,15,42,-11,21
245,20245,33.45000000000001,10,False,19,49,0,30
246,20246,64.64999999999998,10,True,18,52,2,28
247,20247,30.130000000000013,10,False,21,55,-5,18
248,20248,36.95000000000001,10,False,17,49,-3,23
249,20249,33.89999999999997,10,False,15,46,-6,19
250,20250,34.900000000000006,10,False,18,52,-1,27
251,20251,63.56000000000003,10,True,14,37,16,16
252,20252,65.3,10,True,13,39,32,22
253,20253,65.35,10,True,18,57,25,13
254,20254,61.399999999999984,10,True,13,44,2,21
255,20255,62.699999999999974,10,True,18,44,5,22
256,20256,33.40000000000001,10,False,20,53,-4,24
257,20257,61.98000000000002,10,True,17,41,6,20
258,20258,36.19999999999999,10,False,14,42,-4,26
259,20259,63.68000000000002,10,True,13,38,11,17
260,20260,30.600000000000005,10,False,17,39,-2,23
261,20261,31.349999999999987,10,False,13,31,-1,24
262,20262,31.5,10,False,14,39,0,22
263,20263,64.30000000000001,10,True,19,55,15,20
264,20264,35.32999999999996,10,False,14,55,-3,24
265,20265,31.89999999999999,10,False,17,51,-10,27
266,20266,62.54999999999999,10,True,18,44,16,5
267,20267,60.129999999999995,10,True,16,47,8,22
268,20268,32.40000000000002,10,False,20,51,-8,20
269,20269,61.75,10,True,19,55,7,19
270,20270,63.94999999999999,10,True,15,46,24,26
271,20271,62.19999999999999,10,True,15,51,6,22
272,20272,62.050000000000026,10,True,13,47,8,11
273,20273,19.230000000000018,7,False,10,28,45,0
274,20274,30.35,10,False,16,52,-1,-1
275,20275,30.000000000000004,10,False,13,47,-10,15
276,20276,61.95,10,True,12,38,20,11
277,20277,61.629999999999995,10,True,22,52,5,14
278,20278,31.40000000000002,10,False,20,56,-7,4
279,20279,65.65,10,True,16,43,35,7
280,20280,61.500000000000014,10,True,18,51,18,6
281,20281,33.25000000000003,10,False,19,53,-1,4
282,20282,33.15,10,False,15,44,-5,12
283,20283,63.10000000000002,10,True,20,50,2,20
284,20284,33.960000000000036,10,False,20,54,-5,10
285,20285,60.30000000000002,10,True,15,44,25,3
286,20286,65.44999999999999,10,True,15,43,16,26
287,20287,61.83,10,True,18,35,7,-1
288,20288,23.05000000000002,8,False,15,35,0,16
289,20289,63.45,10,True,14,42,22,29
290,20290,61.44999999999999,10,True,14,43,11,17
291,20291,33.59999999999999,10,False,15,41,-8,21
292,20292,62.400000000000006,10,True,17,45,8,22
293,20293,61.39999999999999,10,True,17,39,21,22
294,20294,66.97999999999998,10,True,19,56,26,26
295,20295,61.65000000000003,10,True,15,49,30,2
296,20296,32.799999999999976,10,False,16,48,0,27
297,20297,62.03,10,True,17,45,2,12
298,20298,62.1,10,True,16,43,0,10
299,20299,62.449999999999974,10,True,11,38,22,22
300,20300,61.66999999999999,10,True,20,48,9,28
301,20301,60.73000000000002,10,True,18,49,27,14
302,20302,62.09999999999998,10,True,15,46,2,30
303,20303,60.0,10,True,11,34,26,20
304,20304,58.85000000000004,10,True,18,47,6,3
305,20305,33.84999999999998,10,False,16,42,-9,17
306,20306,33.22999999999997,10,False,13,35,15,-1
307,20307,33.009999999999984,10,False,18,52,-3,30
308,20308,19.9,7,False,9,28,50,0
309,20309,59.78000000000002,10,True,16,48,8,11
310,20310,63.96000000000001,10,True,21,57,24,18
311,20311,64.98,10,True,15,45,5,28
312,20312,31.149999999999995,10,False,12,41,-7,28
313,20313,64.14999999999999,10,True,14,45,16,26
314,20314,60.78,10,True,20,51,5,11
315,20315,63.800000000000026,10,True,21,58,4,20
316,20316,61.25000000000003,10,True,15,45,14,10
317,20317,32.05000000000003,10,False,20,46,0,11
318,20318,35.349999999999994,10,False,21,60,-14,23
319,20319,33.29999999999999,10,False,16,53,-8,30
320,20320,10.349999999999998,5,False,7,17,44,-1
321,20321,32.56000000000001,10,False,20,56,-12,14
322,20322,32.41,10,False,20,50,-11,16
323,20323,34.34999999999997,10,False,18,48,0,18
324,20324,30.50000000000001,10,False,16,49,-9,19
325,20325,35.46000000000001,10,False,24,61,-4,24
326,20326,64.27999999999999,10,True,14,45,8,30
327,20327,64.01000000000002,10,True,15,51,24,4
328,20328,65.07999999999997,10,True,13,36,18,27
329,20329,63.20000000000002,10,True,21,55,15,8
330,20330,33.40000000000003,10,False,21,56,-11,7
331,20331,64.1,10,True,16,48,19,26
332,20332,62.249999999999986,10,True,13,41,11,22
333,20333,61.150000000000006,10,True,14,49,3,11
334,20334,33.85000000000001,10,False,13,34,-6,13
335,20335,35.35999999999999,10,False,22,52,-15,26
336,20336,62.599999999999994,10,True,18,59,28,7
337,20337,64.51,10,True,22,58,5,14
338,20338,31.599999999999987,10,False,14,43,-4,23
339,20339,63.89999999999998,10,True,21,54,6,13
340,20340,31.000000000000025,10,False,19,47,-9,15
341,20341,34.70000000000002,10,False,23,62,-5,11
342,20342,68.00000000000001,10,True,15,45,29,26
343,20343,64.97000000000001,10,True,22,58,15,6
344,20344,62.249999999999986,10,True,9,38,15,25
345,20345,24.550000000000022,8,False,16,29,30,0
346,20346,60.90000000000002,10,True,16,51,12,7
347,20347,32.05000000000003,10,False,16,55,20,0
348,20348,63.14999999999999,10,True,13,42,5,20
349,20349,31.879999999999995,10,False,14,41,-2,30
350,20350,64.25000000000003,10,True,16,38,31,0
351,20351,24.150000000000013,8,False,14,32,-2,14
352,20352,38.03999999999997,10,False,23,61,-1,30
353,20353,63.44999999999999,10,True,15,38,11,23
354,20354,61.55,10,True,15,47,4,23
355,20355,35.300000000000004,10,False,23,62,-4,10
356,20356,64.14999999999999,10,True,18,42,23,6
357,20357,34.54,10,False,21,54,-10,19
358,20358,63.65000000000002,10,True,17,49,19,14
359,20359,36.099999999999994,10,False,21,46,-7,30
360,20360,61.45999999999998,10,True,17,48,6,23
361,20361,33.55,10,False,22,56,-13,23
362,20362,62.55000000000003,10,True,17,55,12,7
363,20363,62.50999999999999,10,True,16,48,1,27
364,20364,64.33,10,True,17,47,19,27
365,20365,65.60000000000002,10,True,18,52,19,25
366,20366,34.949999999999996,10,False,21,56,0,26
367,20367,33.19999999999999,10,False,15,36,-4,16
368,20368,34.04000000000001,10,False,22,61,-12,30
369,20369,64.36,10,True,21,57,23,17
370,20370,64.88999999999999,10,True,20,56,11,18
371,20371,23.799999999999997,8,False,8,23,30,0
372,20372,32.99999999999999,10,False,12,35,-5,14
373,20373,63.99999999999998,10,True,19,49,4,28
374,20374,63.990000000000016,10,True,22,54,13,30
375,20375,63.00000000000003,10,True,25,60,2,12
376,20376,13.18,6,False,9,24,42,-1
377,20377,61.349999999999994,10,True,18,53,8,23
378,20378,62.45,10,True,19,48,9,7
379,20379,35.84999999999998,10,False,15,46,0,30
380,20380,64.14999999999999,10,True,21,62,8,19
381,20381,65.15,10,True,20,57,2,26
382,20382,62.77999999999999,10,True,16,53,19,25
383,20383,34.24999999999999,10,False,18,46,-4,10
384,20384,60.80000000000002,10,True,15,46,14,8
385,20385,34.40000000000002,10,False,15,43,35,0
386,20386,32.50000000000001,10,False,20,46,-1,11
387,20387,61.099999999999994,10,True,15,46,3,20
388,20388,32.70000000000001,10,False,15,46,-1,30
389,20389,61.749999999999986,10,True,20,47,6,19
390,20390,61.60000000000001,10,True,13,42,26,17
391,20391,34.64999999999999,10,False,22,51,-3,19
392,20392,63.690000000000005,10,True,21,54,7,23
393,20393,61.43000000000001,10,True,18,46,13,22
394,20394,62.7,10,True,17,57,3,24
395,20395,32.04999999999999,10,False,16,35,2,-2
396,20396,67.8,10,True,22,58,14,26
397,20397,33.85,10,False,18,51,-13,30
398,20398,6.1,4,False,4,16,50,-1
399,20399,20.099999999999994,7,False,6,24,50,-1
400,20400,63.17999999999999,10,True,16,45,24,20
401,20401,35.580000000000005,10,False,28,74,-6,22
402,20402,60.799999999999976,10,True,14,31,12,27
403,20403,31.999999999999996,10,False,17,46,-15,24
404,20404,62.499999999999986,10,True,15,53,9,19
405,20405,33.84000000000001,10,False,15,43,-6,29
406,20406,64.52999999999999,10,True,16,48,22,26
407,20407,64.65,10,True,19,52,31,9
408,20408,31.700000000000006,10,False,15,46,-1,15
409,20409,33.900000000000006,10,False,16,50,-12,29
410,20410,35.03999999999999,10,False,17,47,-1,23
411,20411,67.15999999999998,10,True,20,55,15,16
412,20412,68.30000000000001,10,True,19,55,32,12
413,20413,33.55,10,False,15,45,-7,30
414,20414,62.47999999999999,10,True,15,42,3,29
415,20415,31.660000000000036,10,False,17,51,-12,22
416,20416,63.80999999999999,10,True,16,50,22,30
417,20417,67.14999999999999,10,True,12,41,22,29
418,20418,25.810000000000038,8,False,19,51,-2,23
419,20419,34.399999999999984,10,False,15,47,-13,20
420,20420,33.1,10,False,19,46,-3,20
421,20421,34.30999999999999,10,False,19,49,-1,27
422,20422,36.24999999999998,10,False,23,59,-16,27
423,20423,62.760000000000005,10,True,16,48,13,22
424,20424,24.85000000000001,8,False,10,33,28,-1
425,20425,64.3,10,True,17,46,3,26
426,20426,63.45000000000002,10,True,11,34,17,27
427,20427,64.31,10,True,13,36,15,27
428,20428,63.93000000000001,10,True,15,42,7,30
429,20429,63.92999999999999,10,True,14,45,37,24
430,20430,63.85000000000001,10,True,21,56,31,7
431,20431,61.40000000000002,10,True,16,50,4,10
432,20432,32.15000000000001,10,False,22,51,-2,9
433,20433,33.59999999999998,10,False,17,50,0,16
434,20434,32.449999999999996,10,False,17,52,-5,21
435,20435,65.55000000000001,10,True,14,41,11,28
436,20436,65.11,10,True,19,60,3,30
437,20437,31.58,10,False,14,45,-4,22
438,20438,61.84,10,True,12,39,2,20
439,20439,62.949999999999974,10,True,18,53,5,26
440,20440,33.75,10,False,16,45,-5,15
441,20441,65.1,10,True,18,50,15,21
442,20442,64.23,10,True,13,43,22,15
443,20443,63.699999999999974,10,True,15,47,3,26
444,20444,65.78999999999999,10,True,20,61,34,22
445,20445,24.50000000000003,8,False,11,40,32,0
446,20446,60.86000000000001,10,True,12,42,10,11
447,20447,62.90000000000002,10,True,15,51,9,8
448,20448,62.84,10,True,11,39,21,26
449,20449,65.69999999999999,10,True,17,48,29,4
450,20450,66.11000000000003,10,True,29,70,9,21
451,20451,32.550000000000026,10,False,17,54,-3,22
452,20452,63.10000000000001,10,True,13,40,21,12
453,20453,63.089999999999975,10,True,21,58,45,4
454,20454,37.150000000000006,10,False,14,41,-5,28
455,20455,64.19999999999999,10,True,16,46,19,21
456,20456,63.08,10,True,17,61,7,30
457,20457,62.660000000000025,10,True,17,47,30,0
458,20458,33.779999999999994,10,False,16,51,0,26
459,20459,31.549999999999994,10,False,15,43,-4,21
460,20460,61.72999999999998,10,True,15,45,18,21
461,20461,31.150000000000016,10,False,21,51,-3,19
462,20462,62.400000000000006,10,True,15,48,10,13
463,20463,34.399999999999984,10,False,19,51,-1,18
464,20464,63.749999999999986,10,True,11,38,17,26
465,20465,61.42999999999998,10,True,20,50,4,21
466,20466,31.49999999999998,10,False,16,40,-8,26
467,20467,66.02999999999999,10,True,13,46,42,12
468,20468,31.04,10,False,18,48,-5,26
469,20469,62.3,10,True,16,48,1,24
470,20470,36.529999999999994,10,False,23,55,-4,30
471,20471,61.08000000000002,10,True,13,38,38,7
472,20472,29.70000000000002,10,False,12,40,0,18
473,20473,62.13000000000001,10,True,13,46,17,16
474,20474,34.69999999999999,10,False,18,38,-6,24
475,20475,34.800000000000004,10,False,16,43,-2,18
476,20476,64.93999999999998,10,True,21,59,17,30
477,20477,63.09999999999999,10,True,16,49,24,26
478,20478,35.050000000000004,10,False,18,46,35,-1
479,20479,64.65,10,True,11,45,36,25
480,20480,65.58000000000001,10,True,16,51,19,30
481,20481,31.75000000000002,10,False,22,63,-16,16
482,20482,61.95000000000003,10,True,16,50,10,10
483,20483,34.85000000000001,10,False,14,43,-11,28
484,20484,33.25,10,False,15,42,-9,26
485,20485,24.230000000000025,8,False,12,34,50,-1
486,20486,58.700000000000024,10,True,12,40,7,4
487,20487,63.43000000000001,10,True,13,45,17,21
488,20488,61.5,10,True,16,45,5,20
489,20489,33.0,10,False,15,48,-8,26
490,20490,67.4,10,True,21,49,14,30
491,20491,64.39999999999999,10,True,11,40,19,26
492,20492,33.60000000000001,10,False,16,46,-3,15
493,20493,60.60000000000001,10,True,22,61,1,8
494,20494,61.000000000000014,10,True,20,52,7,6
495,20495,61.860000000000014,10,True,23,64,3,6
496,20496,59.85000000000002,10,True,13,36,17,10
497,20497,32.5,10,False,14,38,-2,15
498,20498,23.530000000000022,8,False,12,36,-3,15
499,20499,62.650000000000006,10,True,12,38,13,20
500,20500,34.20000000000001,10,False,18,59,-1,4
501,20501,60.43000000000002,10,True,27,67,3,5
502,20502,62.45000000000003,10,True,14,52,15,5
503,20503,60.200000000000024,10,True,15,49,14,2
504,20504,59.90000000000002,10,True,12,34,6,9
505,20505,61.19,10,True,12,43,21,14
506,20506,60.6,10,True,14,34,22,9
507,20507,23.95000000000002,8,False,11,31,30,-4
508,20508,64.08,10,True,16,51,23,16
509,20509,31.400000000000013,10,False,19,44,-1,14
510,20510,29.699999999999974,10,False,13,38,-9,24
511,20511,66.05000000000003,10,True,14,37,9,30
512,20512,33.65000000000001,10,False,18,55,-2,22
513,20513,61.53999999999999,10,True,13,45,38,22
514,20514,31.900000000000002,10,False,16,43,-2,25
515,20515,33.05000000000001,10,False,15,42,-9,13
516,20516,36.299999999999955,10,False,16,47,0,22
517,20517,63.7,10,True,17,50,10,19
518,20518,63.48000000000002,10,True,19,57,15,27
519,20519,30.710000000000008,10,False,15,43,-1,8
520,20520,61.85000000000002,10,True,15,52,24,17
521,20521,35.92000000000002,10,False,23,65,-2,16
522,20522,63.400000000000006,10,True,14,45,11,30
523,20523,62.0,10,True,13,44,6,20
524,20524,61.14999999999999,10,True,15,37,27,21
525,20525,58.8,10,True,21,53,7,4
526,20526,60.8,10,True,13,37,27,30
527,20527,24.000000000000043,8,False,16,52,9,-1
528,20528,64.0,10,True,15,47,3,18
529,20529,35.650000000000006,10,False,17,46,-7,28
530,20530,62.849999999999994,10,True,15,55,20,22
531,20531,32.37999999999999,10,False,19,47,-16,25
532,20532,62.75000000000001,10,True,12,45,24,10
533,20533,60.349999999999994,10,True,17,45,2,23
534,20534,31.200000000000014,10,False,15,41,-1,16
535,20535,62.849999999999994,10,True,11,44,7,29
536,20536,60.850000000000016,10,True,13,46,25,6
537,20537,64.39999999999999,10,True,18,46,26,22
538,20538,32.84999999999999,10,False,15,35,-5,30
539,20539,62.989999999999995,10,True,21,64,5,19
540,20540,63.25,10,True,19,47,22,24
541,20541,61.37999999999998,10,True,13,35,11,23
542,20542,61.30000000000001,10,True,13,44,26,4
543,20543,66.14999999999998,10,True,21,58,22,26
544,20544,62.34999999999998,10,True,13,38,7,24
545,20545,64.23,10,True,11,36,38,19
546,20546,32.52999999999999,10,False,11,38,-1,30
547,20547,62.74999999999997,10,True,14,45,25,26
548,20548,31.040000000000006,10,False,18,53,-13,20
549,20549,66.02999999999999,10,True,11,38,26,5
550,20550,60.20000000000003,10,True,18,56,31,-1
551,20551,35.19999999999998,10,False,16,49,-2,29
552,20552,32.65000000000001,10,False,17,47,-1,28
553,20553,62.8,10,True,14,46,38,5
554,20554,62.85000000000001,10,True,15,44,30,26
555,20555,33.03000000000001,10,False,18,49,-4,19
556,20556,61.62999999999998,10,True,20,56,8,13
557,20557,64.40000000000003,10,True,23,59,10,27
558,20558,64.05000000000001,10,True,19,43,33,14
559,20559,59.81,10,True,17,44,5,15
560,20560,64.63999999999999,10,True,23,62,24,6
561,20561,25.050000000000022,8,False,18,47,-2,15
562,20562,64.2,10,True,12,44,24,26
563,20563,61.95,10,True,12,43,41,12
564,20564,60.42,10,True,13,48,19,19
565,20565,63.61,10,True,14,43,1,27
566,20566,63.95,10,True,16,46,35,2
567,20567,62.8,10,True,17,50,1,23
568,20568,61.44999999999999,10,True,16,45,9,14
569,20569,62.94999999999999,10,True,15,51,12,27
570,20570,29.699999999999996,10,False,15,36,-20,14
571,20571,29.290000000000035,10,False,19,53,-8,20
572,20572,62.85000000000001,10,True,16,45,3,27
573,20573,64.69999999999999,10,True,21,58,13,25
574,20574,63.029999999999994,10,True,17,45,19,19
575,20575,31.15,10,False,14,39,-13,23
576,20576,62.88000000000001,10,True,13,44,48,-1
577,20577,32.9,10,False,16,48,-4,22
578,20578,60.42999999999999,10,True,13,42,3,30
579,20579,63.95,10,True,15,52,13,26
580,20580,65.80000000000001,10,True,25,61,17,6
581,20581,33.91000000000001,10,False,20,44,-15,15
582,20582,32.149999999999984,10,False,17,42,-4,26
583,20583,61.199999999999974,10,True,16,40,12,23
584,20584,61.349999999999994,10,True,14,43,7,22
585,20585,34.599999999999994,10,False,21,65,-5,15
586,20586,66.55,10,True,18,51,35,17
587,20587,34.299999999999976,10,False,18,52,-15,29
588,20588,26.450000000000017,8,False,11,35,0,29
589,20589,31.599999999999987,10,False,18,42,-10,23
590,20590,68.05,10,True,14,39,26,23
591,20591,61.54999999999999,10,True,16,40,26,14
592,20592,62.399999999999984,10,True,14,52,28,19
593,20593,33.39,10,False,18,50,-1,30
594,20594,62.80000000000001,10,True,10,35,13,27
595,20595,62.350000000000044,10,True,19,57,35,5
596,20596,30.35000000000002,10,False,16,46,-9,6
597,20597,34.54999999999998,10,False,18,58,-4,18
598,20598,65.0,10,True,16,52,32,26
599,20599,63.55,10,True,17,46,10,27
600,20600,34.250000000000014,10,False,18,52,-3,16
601,20601,65.44999999999999,10,True,22,57,9,22
602,20602,33.710000000000015,10,False,15,45,-6,20
603,20603,61.400000000000006,10,True,16,45,4,8
604,20604,62.30999999999999,10,True,17,47,12,19
605,20605,25.100000000000023,8,False,15,45,-2,16
606,20606,70.04999999999998,10,True,27,79,13,26
607,20607,22.900000000000013,8,False,11,33,-5,28
608,20608,34.0,10,False,13,46,-4,14
609,20609,63.81000000000002,10,True,14,44,21,23
610,20610,31.149999999999974,10,False,18,52,-10,20
611,20611,62.85000000000002,10,True,13,44,29,8
612,20612,30.050000000000004,10,False,14,39,-12,16
613,20613,58.87999999999999,10,True,12,41,5,20
614,20614,32.589999999999996,10,False,17,48,-1,22
615,20615,60.160000000000025,10,True,17,59,13,1
616,20616,31.150000000000027,10,False,23,64,-4,12
617,20617,63.649999999999984,10,True,15,49,27,22
618,20618,61.90000000000003,10,True,14,46,19,10
619,20619,36.32999999999996,10,False,21,53,-1,28
620,20620,60.599999999999994,10,True,14,44,7,22
621,20621,63.60000000000001,10,True,16,44,14,16
622,20622,64.6,10,True,9,37,38,26
623,20623,32.879999999999995,10,False,17,50,-10,18
624,20624,61.230000000000004,10,True,14,39,3,13
625,20625,34.10000000000002,10,False,22,51,16,0
626,20626,66.19999999999996,10,True,19,62,15,21
627,20627,34.35,10,False,18,48,-10,15
628,20628,61.55000000000002,10,True,14,44,7,8
629,20629,32.679999999999986,10,False,16,52,-4,18
630,20630,64.2,10,True,17,47,10,30
631,20631,61.15000000000002,10,True,15,45,15,10
632,20632,33.39999999999999,10,False,19,56,-11,26
633,20633,33.44999999999999,10,False,17,44,-12,21
634,20634,60.69999999999999,10,True,15,48,11,20
635,20635,63.579999999999984,10,True,14,50,10,30
636,20636,34.02999999999999,10,False,19,47,-8,30
637,20637,63.89999999999999,10,True,14,40,2,20
638,20638,35.76000000000002,10,False,22,58,-10,14
639,20639,63.55,10,True,20,50,15,13
640,20640,34.95,10,False,19,55,-3,30
641,20641,35.050000000000004,10,False,15,48,-2,30
642,20642,34.10000000000001,10,False,16,43,-4,26
643,20643,62.70000000000002,10,True,18,52,35,11
644,20644,62.79999999999998,10,True,18,55,5,23
645,20645,36.10000000000001,10,False,20,52,-4,22
646,20646,35.28,10,False,18,52,-5,17
647,20647,33.680000000000035,10,False,22,57,-8,20
648,20648,64.25,10,True,22,57,1,23
649,20649,60.599999999999994,10,True,13,47,1,7
650,20650,63.400000000000006,10,True,20,57,4,15
651,20651,61.849999999999994,10,True,18,55,6,22
652,20652,30.840000000000018,10,False,18,53,-8,16
653,20653,66.95999999999995,10,True,26,59,9,19
654,20654,62.349999999999994,10,True,15,42,23,17
655,20655,62.26,10,True,14,39,24,17
656,20656,62.62999999999997,10,True,20,56,23,15
657,20657,33.000000000000014,10,False,15,49,-5,25
658,20658,62.06,10,True,14,46,30,11
659,20659,35.180000000000035,10,False,17,48,1,0
660,20660,61.12000000000002,10,True,14,44,22,4
661,20661,65.78999999999998,10,True,20,50,26,23
662,20662,63.79999999999999,10,True,19,43,38,14
663,20663,61.740000000000016,10,True,20,53,3,3
664,20664,30.65,10,False,16,43,-3,21
665,20665,64.07000000000001,10,True,16,45,21,23
666,20666,61.55000000000003,10,True,13,40,8,8
667,20667,62.05,10,True,13,43,16,23
668,20668,34.65000000000003,10,False,21,58,-2,10
669,20669,61.67,10,True,17,52,22,15
670,20670,63.05000000000001,10,True,19,55,20,16
671,20671,29.100000000000026,9,False,16,43,31,-1
672,20672,34.08999999999998,10,False,21,49,-1,15
673,20673,62.16999999999999,10,True,22,60,12,26
674,20674,31.30000000000001,10,False,15,45,-1,22
675,20675,22.85000000000001,8,False,5,26,50,0
676,20676,30.50000000000002,10,False,10,38,-2,14
677,20677,67.14999999999999,10,True,16,44,10,30
678,20678,34.100000000000016,10,False,14,39,-13,12
679,20679,66.54999999999998,10,True,19,52,12,29
680,20680,30.159999999999982,10,False,17,47,-9,19
681,20681,33.55,10,False,16,48,-12,30
682,20682,32.34999999999998,10,False,13,39,-1,26
683,20683,30.659999999999986,10,False,14,49,0,20
684,20684,64.43,10,True,15,46,19,11
685,20685,64.55000000000001,10,True,15,46,33,26
686,20686,62.14999999999999,10,True,19,47,11,10
687,20687,63.860000000000014,10,True,20,53,19,13
688,20688,34.34999999999999,10,False,22,58,-6,20
689,20689,66.48000000000002,10,True,22,56,25,30
690,20690,61.05999999999999,10,True,16,41,11,21
691,20691,33.65000000000003,10,False,18,51,-1,12
692,20692,64.09999999999998,10,True,18,54,3,22
693,20693,33.14000000000001,10,False,23,62,-2,22
694,20694,32.56000000000001,10,False,18,48,-9,11
695,20695,63.97999999999999,10,True,15,40,18,25
696,20696,33.649999999999984,10,False,14,47,-6,30
697,20697,63.65000000000001,10,True,13,34,12,21
698,20698,63.89999999999998,10,True,17,49,26,30
699,20699,36.0,10,False,17,49,-9,30
700,20700,62.700000000000024,10,True,14,52,14,12
701,20701,63.94,10,True,19,54,15,27
702,20702,32.24999999999999,10,False,15,47,-13,26
703,20703,31.42999999999997,10,False,15,50,0,23
704,20704,61.91,10,True,17,44,22,12
705,20705,24.850000000000044,8,False,17,53,35,-1
706,20706,33.68999999999999,10,False,20,49,-6,27
707,20707,60.749999999999986,10,True,13,40,2,24
708,20708,64.74,10,True,16,49,30,25
709,20709,63.52999999999997,10,True,13,42,15,24
710,20710,65.59999999999998,10,True,18,48,9,25
711,20711,64.64999999999999,10,True,18,42,22,22
712,20712,33.949999999999996,10,False,12,42,-2,29
713,20713,34.26000000000002,10,False,18,56,-1,18
714,20714,33.54999999999998,10,False,19,45,-8,30
715,20715,61.2,10,True,14,44,17,4
716,20716,34.80000000000002,10,False,19,53,0,16
717,20717,35.5,10,False,20,58,-8,30
718,20718,33.83000000000001,10,False,17,52,-1,12
719,20719,64.29999999999997,10,True,19,57,8,28
720,20720,33.80999999999999,10,False,17,52,0,23
721,20721,60.449999999999996,10,True,10,36,43,4
722,20722,62.849999999999994,10,True,16,51,24,14
723,20723,31.099999999999987,10,False,18,49,-12,24
724,20724,32.70000000000001,10,False,16,46,-19,11
725,20725,31.450000000000017,10,False,15,45,-3,28
726,20726,65.49999999999997,10,True,15,48,3,30
727,20727,65.3,10,True,18,54,33,21
728,20728,63.44999999999999,10,True,11,39,42,22
729,20729,31.500000000000032,10,False,16,45,8,-2
730,20730,63.75,10,True,12,38,25,16
731,20731,34.80999999999997,10,False,21,61,-13,27
732,20732,66.05000000000003,10,True,22,68,42,4
733,20733,30.579999999999973,10,False,17,38,-11,14
734,20734,33.25000000000001,10,False,13,42,-1,30
735,20735,67.49999999999999,10,True,20,44,31,15
736,20736,63.750000000000014,10,True,15,43,15,27
737,20737,33.80000000000002,10,False,17,47,44,0
738,20738,66.79999999999995,10,True,15,44,11,30
739,20739,34.900000000000006,10,False,25,61,-8,26
740,20740,64.75000000000001,10,True,16,52,36,6
741,20741,34.29999999999999,10,False,16,44,-9,24
742,20742,34.899999999999984,10,False,15,49,-21,30
743,20743,35.14999999999999,10,False,21,45,-6,24
744,20744,31.830000000000013,10,False,14,46,-3,17
745,20745,65.53,10,True,22,62,40,13
746,20746,64.99999999999999,10,True,18,51,19,21
747,20747,61.08000000000001,10,True,15,46,12,10
748,20748,33.89999999999996,10,False,23,59,-11,30
749,20749,62.79999999999998,10,True,15,48,20,22
750,20750,63.99999999999999,10,True,18,54,9,26
751,20751,23.910000000000036,8,False,12,42,39,-2
752,20752,33.499999999999986,10,False,12,33,-11,26
753,20753,33.249999999999986,10,False,20,53,-12,18
754,20754,29.9,10,False,13,38,-11,28
755,20755,61.13000000000002,10,True,10,45,18,8
756,20756,60.890000000000015,10,True,15,52,21,12
757,20757,60.75,10,True,16,43,25,-2
758,20758,62.17999999999999,10,True,14,50,10,24
759,20759,37.099999999999994,10,False,24,63,0,28
760,20760,18.700000000000003,7,False,8,25,50,0
761,20761,30.05000000000001,10,False,16,42,-7,5
762,20762,33.849999999999994,10,False,15,48,-4,30
763,20763,31.710000000000008,10,False,18,42,-21,28
764,20764,65.19999999999999,10,True,12,40,35,26
765,20765,32.150000000000006,10,False,16,45,-3,14
766,20766,62.63999999999999,10,True,21,57,14,15
767,20767,32.69000000000001,10,False,20,48,-5,30
768,20768,36.379999999999974,10,False,24,67,-1,26
769,20769,34.149999999999984,10,False,15,49,0,21
770,20770,35.400000000000006,10,False,19,52,-7,24
771,20771,61.5,10,True,14,31,19,22
772,20772,60.42999999999999,10,True,14,36,2,19
773,20773,64.64999999999999,10,True,17,47,17,25
774,20774,62.83999999999998,10,True,17,50,1,20
775,20775,34.799999999999976,10,False,17,46,-2,30
776,20776,35.42000000000002,10,False,19,57,28,-1
777,20777,65.3,10,True,14,42,34,16
778,20778,63.900000000000006,10,True,10,35,1,30
779,20779,63.96000000000001,10,True,21,55,18,18
780,20780,33.38,10,False,19,44,-4,25
781,20781,17.550000000000004,7,False,10,31,29,-1
782,20782,59.180000000000014,10,True,14,38,16,14
783,20783,31.2,10,False,13,50,-5,24
784,20784,30.950000000000014,10,False,13,43,-11,24
785,20785,63.139999999999986,10,True,18,59,7,26
786,20786,65.55,10,True,16,49,12,24
787,20787,33.63,10,False,21,44,-13,21
788,20788,34.20000000000002,10,False,21,59,-11,14
789,20789,63.30000000000001,10,True,14,40,6,26
790,20790,63.20000000000002,10,True,18,41,3,24
791,20791,60.500000000000014,10,True,16,43,-1,14
792,20792,33.949999999999974,10,False,16,41,-11,30
793,20793,65.4,10,True,15,53,29,24
794,20794,63.300000000000004,10,True,18,47,17,18
795,20795,64.79999999999998,10,True,16,54,12,20
796,20796,30.350000000000016,10,False,14,38,-3,7
797,20797,33.04999999999999,10,False,13,45,-2,27
798,20798,33.41999999999998,10,False,20,50,-13,19
799,20799,33.95,10,False,17,45,-7,30
800,20800,61.079999999999984,10,True,15,45,28,20
801,20801,65.8,10,True,15,41,7,29
802,20802,62.64999999999999,10,True,18,47,7,26
803,20803,62.05000000000001,10,True,20,47,4,9
804,20804,64.09,10,True,20,49,11,23
805,20805,62.900000000000006,10,True,13,43,38,14
806,20806,63.099999999999994,10,True,13,36,24,23
807,20807,63.300000000000026,10,True,15,53,12,10
808,20808,34.800000000000026,10,False,18,50,0,28
809,20809,30.89999999999999,10,False,14,41,-5,30
810,20810,61.52000000000001,10,True,21,59,2,24
811,20811,62.05000000000001,10,True,15,48,16,25
812,20812,62.2,10,True,15,49,18,25
813,20813,13.279999999999998,6,False,7,21,47,0
814,20814,34.44999999999998,10,False,15,45,0,29
815,20815,26.500000000000025,8,False,14,43,-1,18
816,20816,33.35000000000001,10,False,18,50,-12,26
817,20817,60.020000000000024,10,True,17,45,1,5
818,20818,63.499999999999986,10,True,12,42,28,21
819,20819,32.41,9,False,20,56,-8,21
820,20820,62.2,10,True,12,38,17,26
821,20821,24.45000000000004,8,False,13,39,32,0
822,20822,33.380000000000024,10,False,17,55,-7,7
823,20823,62.78,10,True,12,34,21,15
824,20824,64.15,10,True,11,34,13,29
825,20825,32.349999999999994,10,False,22,48,-23,30
826,20826,64.30000000000001,10,True,18,56,5,23
827,20827,63.05,10,True,11,35,24,24
828,20828,61.66000000000001,10,True,19,53,16,19
829,20829,62.29999999999998,10,True,18,51,13,22
830,20830,22.400000000000006,8,False,9,22,48,0
831,20831,33.63,10,False,23,54,-10,22
832,20832,63.10000000000001,10,True,14,51,22,16
833,20833,62.099999999999994,10,True,12,31,25,26
834,20834,32.82000000000003,10,False,22,63,0,19
835,20835,61.459999999999994,10,True,17,44,5,15
836,20836,33.049999999999976,10,False,13,44,-3,26
837,20837,62.609999999999985,10,True,18,46,18,24
838,20838,33.69999999999999,10,False,18,56,-2,23
839,20839,60.94000000000001,10,True,16,49,3,15
840,20840,61.93000000000001,10,True,16,53,5,12
841,20841,63.89999999999999,10,True,16,55,9,25
842,20842,63.89999999999998,10,True,15,51,22,18
843,20843,63.900000000000006,10,True,17,48,19,15
844,20844,65.89999999999998,10,True,18,59,22,16
845,20845,33.94999999999999,10,False,15,45,-6,30
846,20846,61.44999999999999,10,True,15,36,36,22
847,20847,33.79000000000003,10,False,19,53,-9,11
848,20848,34.30000000000001,10,False,11,34,50,0
849,20849,62.55,10,True,15,56,12,22
850,20850,67.24999999999996,10,True,16,55,21,26
851,20851,29.349999999999994,9,False,12,36,0,30
852,20852,65.59999999999998,10,True,13,38,41,24
853,20853,35.649999999999984,10,False,20,47,0,25
854,20854,31.950000000000028,10,False,13,39,0,18
855,20855,32.15999999999999,10,False,17,44,-18,26
856,20856,31.69999999999999,10,False,18,40,-8,23
857,20857,32.71000000000001,10,False,21,60,-12,23
858,20858,30.900000000000023,10,False,17,51,-13,17
859,20859,34.43,10,False,22,52,-2,20
860,20860,61.599999999999994,10,True,13,34,7,12
861,20861,34.13,10,False,16,48,-8,25
862,20862,22.85,8,False,10,24,38,0
863,20863,35.00000000000002,10,False,22,62,14,0
864,20864,33.60999999999997,10,False,15,54,-11,27
865,20865,37.600000000000016,10,False,29,68,0,16
866,20866,32.05000000000001,10,False,19,49,-12,24
867,20867,33.949999999999996,10,False,13,44,-8,26
868,20868,31.360000000000035,10,False,14,48,21,0
869,20869,63.54999999999998,10,True,14,49,16,22
870,20870,63.94999999999999,10,True,13,38,20,18
871,20871,30.98999999999999,10,False,20,43,-11,17
872,20872,34.75000000000001,10,False,25,67,-4,17
873,20873,65.45,10,True,17,52,5,22
874,20874,31.979999999999986,10,False,16,49,-6,18
875,20875,34.16000000000002,10,False,22,62,0,5
876,20876,63.63999999999998,10,True,15,49,5,28
877,20877,63.30000000000001,10,True,13,40,24,26
878,20878,33.4,10,False,17,44,-5,20
879,20879,35.88,10,False,15,39,0,30
880,20880,62.80999999999999,10,True,17,40,12,17
881,20881,63.750000000000014,10,True,16,53,1,27
882,20882,32.180000000000014,10,False,15,45,-15,11
883,20883,62.999999999999964,10,True,22,53,15,4
884,20884,63.34999999999998,10,True,19,52,29,18
885,20885,63.0,10,True,14,40,11,18
886,20886,61.14999999999998,10,True,17,42,2,0
887,20887,62.05000000000001,10,True,14,38,16,18
888,20888,33.879999999999995,10,False,17,54,-9,30
889,20889,32.28,10,False,15,42,-2,19
890,20890,31.699999999999985,10,False,18,46,-7,30
891,20891,61.45,10,True,18,55,1,19
892,20892,63.92999999999997,10,True,18,56,13,26
893,20893,37.50999999999998,10,False,22,45,-1,23
894,20894,32.349999999999994,10,False,20,47,-19,21
895,20895,66.40000000000002,10,True,23,63,21,3
896,20896,64.10000000000001,10,True,19,56,32,22
897,20897,19.75000000000003,7,False,11,34,11,-1
898,20898,62.5,10,True,12,45,2,30
899,20899,30.549999999999972,10,False,13,35,-15,30
900,20900,38.24999999999995,10,False,18,52,-2,24
901,20901,65.39999999999998,10,True,23,60,24,27
902,20902,62.55000000000001,10,True,17,43,12,27
903,20903,32.260000000000005,10,False,17,48,0,30
904,20904,15.149999999999999,6,False,5,21,50,-3
905,20905,62.05999999999999,10,True,18,55,17,22
906,20906,33.57000000000003,10,False,24,67,-8,9
907,20907,34.24999999999999,10,False,21,55,-4,19
908,20908,60.7,10,True,13,41,13,18
909,20909,34.68,10,False,13,41,50,-1
910,20910,63.60000000000002,10,True,17,48,6,20
911,20911,24.650000000000013,8,False,11,34,36,-2
912,20912,33.23000000000001,10,False,22,57,-5,14
913,20913,59.25000000000003,10,True,15,52,4,0
914,20914,65.6,10,True,14,44,16,25
915,20915,33.5,10,False,14,39,-20,16
916,20916,61.77999999999999,10,True,16,59,11,15
917,20917,64.54999999999998,10,True,12,39,12,20
918,20918,64.70000000000002,10,True,18,59,30,1
919,20919,63.69999999999999,10,True,14,42,22,22
920,20920,60.8,10,True,12,47,13,9
921,20921,65.39999999999999,10,True,21,61,31,14
922,20922,33.7,10,False,13,45,-1,18
923,20923,66.54999999999997,10,True,20,55,31,22
924,20924,18.95000000000001,7,False,9,29,33,0
925,20925,63.15000000000002,10,True,18,63,35,3
926,20926,32.699999999999996,10,False,16,52,-1,21
927,20927,30.619999999999983,10,False,17,49,-14,27
928,20928,59.120000000000005,10,True,15,44,3,21
929,20929,65.35,10,True,14,46,4,27
930,20930,62.080000000000005,10,True,14,40,2,15
931,20931,32.38,10,False,12,37,-4,27
932,20932,34.05,10,False,16,50,-7,9
933,20933,63.05999999999999,10,True,17,46,36,14
934,20934,61.7,10,True,14,38,13,16
935,20935,32.15000000000001,10,False,13,38,-6,30
936,20936,66.5,10,True,14,42,23,30
937,20937,35.3,10,False,20,58,-2,30
938,20938,62.65000000000001,10,True,23,65,4,9
939,20939,32.299999999999976,10,False,15,36,-3,30
940,20940,67.24999999999999,10,True,14,47,9,30
941,20941,31.650000000000045,10,False,19,55,-1,9
942,20942,35.409999999999954,10,False,23,62,-7,30
943,20943,59.15,10,True,12,50,9,24
944,20944,34.11,10,False,21,56,-1,23
945,20945,30.90000000000002,10,False,15,48,-3,9
946,20946,31.800000000000022,10,False,12,40,31,0
947,20947,62.8,10,True,15,49,36,15
948,20948,63.349999999999994,10,True,16,50,16,16
949,20949,64.37,10,True,23,64,11,7
950,20950,31.74999999999999,10,False,18,54,-1,19
951,20951,58.95000000000001,10,True,14,39,15,12
952,20952,31.500000000000014,10,False,21,47,-2,22
953,20953,31.350000000000023,10,False,13,41,25,0
954,20954,59.31,10,True,15,39,-1,21
955,20955,33.64999999999999,10,False,20,52,-3,18
956,20956,60.30000000000001,10,True,15,44,16,16
957,20957,66.25000000000003,10,True,26,61,2,26
958,20958,61.38,10,True,15,46,13,13
959,20959,62.459999999999994,10,True,18,47,12,20
960,20960,32.31,10,False,15,47,-10,28
961,20961,33.18000000000001,10,False,18,42,-3,21
962,20962,68.7,10,True,19,52,16,26
963,20963,33.180000000000014,10,False,15,44,-5,12
964,20964,61.89999999999998,10,True,19,53,17,13
965,20965,63.89999999999998,10,True,15,47,33,19
966,20966,64.50000000000001,10,True,16,54,16,23
967,20967,65.55000000000001,10,True,21,58,8,12
968,20968,30.949999999999985,10,False,16,41,-23,19
969,20969,65.56,10,True,27,62,11,23
970,20970,37.99999999999998,10,False,19,52,-2,24
971,20971,62.2,10,True,14,34,11,27
972,20972,63.54999999999999,10,True,19,46,26,25
973,20973,59.15,10,True,11,34,4,9
974,20974,33.39999999999999,10,False,13,45,-16,24
975,20975,64.05,10,True,21,51,26,9
976,20976,66.63999999999996,10,True,28,67,3,27
977,20977,31.40000000000002,10,False,20,47,-27,15
978,20978,33.33000000000001,10,False,17,53,-5,24
979,20979,62.05999999999999,10,True,15,47,21,17
980,20980,32.150000000000006,10,False,23,46,-4,15
981,20981,63.31000000000002,10,True,16,48,26,14
982,20982,64.04999999999998,10,True,12,39,33,22
983,20983,62.209999999999994,10,True,18,46,28,13
984,20984,61.960000000000015,10,True,20,46,15,13
985,20985,30.15,10,False,14,48,-2,22
986,20986,33.949999999999996,10,False,13,39,-2,30
987,20987,62.14999999999999,10,True,17,50,18,14
988,20988,63.099999999999994,10,True,13,45,23,30
989,20989,34.8,10,False,14,42,-11,26
990,20990,33.34,10,False,22,56,-3,22
991,20991,61.92999999999999,10,True,17,44,12,19
992,20992,32.74000000000002,10,False,25,66,-5,20
993,20993,32.54999999999999,10,False,12,44,0,11
994,20994,61.18000000000001,10,True,15,42,4,11
995,20995,59.999999999999986,10,True,14,38,14,24
996,20996,62.249999999999986,10,True,12,34,18,23
997,20997,62.69999999999999,10,True,15,45,10,22
998,20998,58.90000000000002,10,True,18,53,5,8
999,20999,32.75,10,False,14,47,0,29
